"June 30, 2015 at 09:16AM","entered"
"July 01, 2015 at 08:38AM","entered"
"July 01, 2015 at 01:45PM","exited"
"July 01, 2015 at 02:56PM","entered"
"July 01, 2015 at 03:07PM","entered"
"July 01, 2015 at 08:52PM","exited"
"July 11, 2015 at 06:40PM","exited"
"July 20, 2015 at 09:14AM","entered"
"July 20, 2015 at 09:21AM","entered"
"July 20, 2015 at 06:53PM","exited"
"July 21, 2015 at 09:23AM","entered"
"July 21, 2015 at 12:50PM","entered"
"July 21, 2015 at 12:57PM","entered"
"July 21, 2015 at 01:04PM","entered"
"July 21, 2015 at 01:10PM","entered"
"July 21, 2015 at 05:43PM","exited"
"July 22, 2015 at 10:07AM","entered"
"July 23, 2015 at 08:00PM","exited"
"July 24, 2015 at 08:48AM","entered"
"July 24, 2015 at 04:02PM","entered"
"July 24, 2015 at 06:30PM","exited"
"July 24, 2015 at 06:32PM","entered"
"July 24, 2015 at 07:11PM","entered"
"July 24, 2015 at 07:31PM","entered"
"July 24, 2015 at 07:34PM","exited"
"July 24, 2015 at 07:36PM","entered"
"July 24, 2015 at 08:05PM","exited"
"July 27, 2015 at 08:21AM","entered"
"July 29, 2015 at 08:49AM","entered"
"July 29, 2015 at 07:40PM","exited"
"July 30, 2015 at 09:04AM","entered"
"July 30, 2015 at 12:24PM","entered"
"July 31, 2015 at 08:41AM","entered"
"July 31, 2015 at 11:41PM","entered"
"August 03, 2015 at 12:24PM","entered"
"August 03, 2015 at 12:54PM","entered"
"August 03, 2015 at 03:41PM","entered"
"August 03, 2015 at 04:19PM","entered"
"August 03, 2015 at 06:54PM","exited"
"August 04, 2015 at 08:22AM","entered"
"August 04, 2015 at 07:27PM","exited"
"August 05, 2015 at 08:55AM","entered"
"August 05, 2015 at 07:25PM","exited"
"August 06, 2015 at 09:22AM","entered"
"August 06, 2015 at 07:40PM","exited"
"August 07, 2015 at 05:00PM","exited"
"August 07, 2015 at 05:03PM","entered"
"August 07, 2015 at 11:32PM","exited"
"August 08, 2015 at 12:11PM","entered"
"August 10, 2015 at 09:34AM","entered"
"August 10, 2015 at 07:39PM","exited"
"August 11, 2015 at 01:10AM","entered"
"August 11, 2015 at 01:15AM","exited"
"August 11, 2015 at 09:02AM","entered"
"October 24, 2015 at 07:49PM","exited"
"October 27, 2015 at 08:26AM","entered"
"October 27, 2015 at 12:33PM","entered"
"October 27, 2015 at 08:42PM","exited"
"October 28, 2015 at 07:15PM","exited"
"October 29, 2015 at 08:55AM","entered"
"October 29, 2015 at 04:35PM","exited"
"October 30, 2015 at 08:46AM","entered"
"October 30, 2015 at 05:23PM","entered"
"October 30, 2015 at 06:08PM","exited"
"October 30, 2015 at 06:41PM","entered"
"November 04, 2015 at 03:28PM","entered"
"November 04, 2015 at 06:27PM","exited"
"November 05, 2015 at 08:52AM","entered"
"November 05, 2015 at 09:54AM","exited"
"November 05, 2015 at 12:37PM","entered"
"November 05, 2015 at 08:11PM","exited"
"November 06, 2015 at 02:58AM","entered"
"November 06, 2015 at 03:02AM","exited"
"November 06, 2015 at 08:54AM","entered"
"November 06, 2015 at 02:02PM","exited"
"November 08, 2015 at 04:48PM","entered"
"November 08, 2015 at 06:41PM","exited"
"November 09, 2015 at 08:12AM","entered"
"November 10, 2015 at 08:29AM","entered"
"November 10, 2015 at 08:56PM","exited"
"November 11, 2015 at 12:33PM","entered"
"November 11, 2015 at 01:37PM","exited"
"November 11, 2015 at 02:56PM","entered"
"November 11, 2015 at 08:14PM","exited"
"November 12, 2015 at 09:01AM","entered"
"November 12, 2015 at 02:34PM","exited"
"November 12, 2015 at 04:11PM","entered"
"November 12, 2015 at 07:21PM","exited"
"November 13, 2015 at 08:53AM","entered"
"November 13, 2015 at 08:28PM","exited"
"November 14, 2015 at 04:13PM","entered"
"November 18, 2015 at 11:06AM","entered"
"November 18, 2015 at 12:50PM","entered"
"November 18, 2015 at 12:53PM","exited"
"November 18, 2015 at 12:54PM","entered"
"November 18, 2015 at 09:44PM","exited"
"November 19, 2015 at 08:59AM","entered"
"November 19, 2015 at 06:33PM","exited"
"November 20, 2015 at 08:51AM","entered"
"November 20, 2015 at 10:57AM","exited"
"November 20, 2015 at 10:57AM","entered"
"November 20, 2015 at 10:58AM","exited"
"November 20, 2015 at 11:12AM","entered"
"November 20, 2015 at 02:34PM","entered"
"November 20, 2015 at 09:30PM","exited"
"November 23, 2015 at 09:57AM","entered"
"November 23, 2015 at 07:06PM","exited"
"November 24, 2015 at 12:24AM","entered"
"November 24, 2015 at 12:40AM","exited"
"November 24, 2015 at 12:51AM","entered"
"November 24, 2015 at 12:55AM","exited"
"November 24, 2015 at 12:08PM","entered"
"November 25, 2015 at 11:01AM","entered"
"November 26, 2015 at 08:56AM","entered"
"November 26, 2015 at 05:12PM","exited"
"November 26, 2015 at 07:06PM","entered"
"November 26, 2015 at 11:01PM","exited"
"November 27, 2015 at 08:54AM","entered"
"November 27, 2015 at 08:19PM","exited"
"November 28, 2015 at 02:31PM","entered"
"November 29, 2015 at 05:06PM","entered"
"November 29, 2015 at 05:28PM","exited"
"November 30, 2015 at 08:49AM","entered"
"December 01, 2015 at 09:51AM","entered"
"December 01, 2015 at 06:49PM","exited"
"December 01, 2015 at 10:39PM","entered"
"December 01, 2015 at 10:43PM","exited"
"December 02, 2015 at 09:42AM","entered"
"December 02, 2015 at 09:07PM","exited"
"December 03, 2015 at 09:34AM","entered"
"December 03, 2015 at 10:22PM","exited"
"December 04, 2015 at 08:54AM","entered"
"December 07, 2015 at 09:51AM","entered"
"December 07, 2015 at 09:52AM","exited"
"December 07, 2015 at 09:53AM","entered"
"December 07, 2015 at 05:27PM","exited"
"December 07, 2015 at 05:28PM","entered"
"December 08, 2015 at 01:08AM","entered"
"December 08, 2015 at 03:52PM","entered"
"December 08, 2015 at 05:03PM","entered"
"December 09, 2015 at 09:18AM","entered"
"December 09, 2015 at 06:15PM","exited"
"December 09, 2015 at 11:46PM","entered"
"December 09, 2015 at 11:49PM","exited"
"December 10, 2015 at 11:14AM","entered"
"December 11, 2015 at 08:51AM","entered"
"December 11, 2015 at 11:06AM","exited"
"December 11, 2015 at 11:40AM","entered"
"December 11, 2015 at 06:44PM","exited"
"December 12, 2015 at 02:30AM","entered"
"December 12, 2015 at 03:24AM","exited"
"December 13, 2015 at 04:24PM","entered"
"December 13, 2015 at 10:00PM","exited"
"December 14, 2015 at 09:37AM","entered"
"December 15, 2015 at 10:49PM","exited"
"December 16, 2015 at 10:29AM","entered"
"December 16, 2015 at 05:02PM","entered"
"December 16, 2015 at 08:43PM","exited"
"December 17, 2015 at 08:57AM","entered"
"December 17, 2015 at 03:03PM","exited"
"December 18, 2015 at 01:45PM","entered"
"December 21, 2015 at 08:23PM","entered"
"December 21, 2015 at 08:27PM","exited"
"December 21, 2015 at 10:55PM","entered"
"December 21, 2015 at 10:56PM","exited"
"December 21, 2015 at 10:59PM","entered"
"December 21, 2015 at 11:02PM","exited"
"December 28, 2015 at 10:43AM","entered"
"December 28, 2015 at 01:56PM","entered"
"December 28, 2015 at 06:23PM","exited"
"December 29, 2015 at 10:24AM","entered"
"December 29, 2015 at 07:42PM","exited"
"December 30, 2015 at 09:48AM","entered"
"December 30, 2015 at 05:10PM","exited"
"December 31, 2015 at 09:05PM","entered"
"December 31, 2015 at 11:54PM","entered"
"January 01, 2016 at 02:24AM","exited"
"January 04, 2016 at 09:30AM","entered"
"January 04, 2016 at 08:02PM","exited"
"January 05, 2016 at 09:18AM","entered"
"January 05, 2016 at 08:01PM","exited"
"January 08, 2016 at 08:55AM","entered"
"January 08, 2016 at 07:24PM","exited"
"January 09, 2016 at 09:48PM","entered"
"January 09, 2016 at 10:15PM","exited"
"January 10, 2016 at 03:54AM","entered"
"January 10, 2016 at 04:03AM","exited"
"January 11, 2016 at 09:32AM","entered"
"January 11, 2016 at 07:03PM","exited"
"January 12, 2016 at 08:51AM","entered"
"January 12, 2016 at 10:25PM","exited"
"January 12, 2016 at 10:49PM","exited"
"January 13, 2016 at 09:20AM","entered"
"January 13, 2016 at 01:53PM","exited"
"January 13, 2016 at 03:25PM","entered"
"January 13, 2016 at 07:42PM","exited"
"January 14, 2016 at 09:01AM","entered"
"January 14, 2016 at 08:53PM","exited"
"January 15, 2016 at 09:00AM","entered"
"January 15, 2016 at 07:58PM","exited"
"January 18, 2016 at 09:56AM","entered"
"January 18, 2016 at 10:09PM","exited"
"January 19, 2016 at 10:16AM","entered"
"January 19, 2016 at 07:13PM","exited"
"January 20, 2016 at 10:01AM","entered"
"January 20, 2016 at 03:08PM","entered"
"January 21, 2016 at 09:09AM","entered"
"January 21, 2016 at 05:34PM","exited"
"January 22, 2016 at 08:49AM","entered"
"January 22, 2016 at 07:15PM","exited"
"January 24, 2016 at 01:30AM","entered"
"January 24, 2016 at 01:34AM","exited"
"January 25, 2016 at 09:12AM","entered"
"January 25, 2016 at 08:12PM","exited"
"January 26, 2016 at 08:44AM","entered"
"January 26, 2016 at 08:52PM","exited"
"January 27, 2016 at 09:14AM","entered"
"January 27, 2016 at 07:15PM","exited"
"January 28, 2016 at 08:53AM","entered"
"January 28, 2016 at 11:06AM","exited"
"January 28, 2016 at 11:08AM","entered"
"January 28, 2016 at 11:12AM","exited"
"January 28, 2016 at 01:33PM","entered"
"January 28, 2016 at 02:23PM","entered"
"January 28, 2016 at 04:44PM","entered"
"January 28, 2016 at 06:41PM","exited"
"January 29, 2016 at 11:59PM","exited"
"January 30, 2016 at 07:57PM","exited"
"February 01, 2016 at 09:46AM","entered"
"February 01, 2016 at 07:44PM","exited"
"February 02, 2016 at 01:21PM","exited"
"February 02, 2016 at 03:03PM","entered"
"February 02, 2016 at 07:48PM","exited"
"February 03, 2016 at 09:18AM","entered"
"February 03, 2016 at 06:03PM","exited"
"February 04, 2016 at 08:21AM","entered"
"February 04, 2016 at 07:09PM","exited"
"February 05, 2016 at 08:57AM","entered"
"February 05, 2016 at 06:29PM","exited"
"February 06, 2016 at 02:10PM","entered"
"February 06, 2016 at 07:05PM","exited"
"February 08, 2016 at 09:00AM","entered"
"February 09, 2016 at 09:14AM","entered"
"February 09, 2016 at 07:58PM","exited"
"February 10, 2016 at 09:36AM","entered"
"February 11, 2016 at 09:34AM","entered"
"February 11, 2016 at 05:58PM","exited"
"February 12, 2016 at 05:56PM","exited"
"February 13, 2016 at 12:51PM","entered"
"February 13, 2016 at 04:06PM","exited"
"February 13, 2016 at 09:02PM","entered"
"February 13, 2016 at 09:41PM","exited"
"February 13, 2016 at 09:46PM","entered"
"February 13, 2016 at 09:51PM","exited"
"February 15, 2016 at 08:49AM","entered"
"February 15, 2016 at 03:08PM","exited"
"February 15, 2016 at 03:18PM","entered"
"February 15, 2016 at 09:54PM","exited"
"February 16, 2016 at 10:01AM","entered"
"February 16, 2016 at 08:32PM","exited"
"February 17, 2016 at 09:32AM","entered"
"February 17, 2016 at 12:57PM","exited"
"February 17, 2016 at 01:10PM","entered"
"February 17, 2016 at 05:35PM","exited"
"February 18, 2016 at 08:57AM","entered"
"February 18, 2016 at 02:52PM","exited"
"February 22, 2016 at 09:23AM","entered"
"February 22, 2016 at 06:43PM","exited"
"February 23, 2016 at 08:02AM","entered"
"February 23, 2016 at 02:16PM","exited"
"February 23, 2016 at 03:04PM","entered"
"February 23, 2016 at 07:34PM","exited"
"February 24, 2016 at 12:12AM","entered"
"February 24, 2016 at 12:14AM","exited"
"February 24, 2016 at 09:19AM","entered"
"February 24, 2016 at 06:44PM","exited"
"February 25, 2016 at 09:21AM","entered"
"February 25, 2016 at 02:21PM","exited"
"February 25, 2016 at 02:43PM","entered"
"February 25, 2016 at 05:49PM","exited"
"February 26, 2016 at 07:03PM","exited"
"February 27, 2016 at 09:31PM","entered"
"February 28, 2016 at 12:28AM","entered"
"February 28, 2016 at 12:52AM","exited"
"February 29, 2016 at 09:12AM","entered"
"February 29, 2016 at 11:06AM","entered"
"February 29, 2016 at 12:54PM","exited"
"February 29, 2016 at 12:56PM","entered"
"February 29, 2016 at 07:47PM","exited"
"March 01, 2016 at 12:27PM","entered"
"March 01, 2016 at 06:13PM","exited"
"March 02, 2016 at 09:38AM","entered"
"March 02, 2016 at 06:46PM","exited"
"March 03, 2016 at 09:28AM","entered"
"March 03, 2016 at 08:56PM","exited"
"March 04, 2016 at 09:52AM","entered"
"March 04, 2016 at 10:13AM","exited"
"March 04, 2016 at 03:00PM","entered"
"March 04, 2016 at 03:00PM","exited"
"March 04, 2016 at 03:01PM","entered"
"March 04, 2016 at 07:11PM","exited"
"March 05, 2016 at 06:46PM","entered"
"March 05, 2016 at 06:50PM","exited"
"March 07, 2016 at 09:03AM","entered"
"March 08, 2016 at 09:15AM","entered"
"March 08, 2016 at 09:35PM","exited"
"March 09, 2016 at 09:10AM","entered"
"March 09, 2016 at 08:39PM","exited"
"March 10, 2016 at 08:51AM","entered"
"March 10, 2016 at 03:02PM","entered"
"March 10, 2016 at 06:37PM","exited"
"March 10, 2016 at 11:03PM","entered"
"March 10, 2016 at 11:07PM","exited"
"March 11, 2016 at 08:50AM","entered"
"March 11, 2016 at 11:59PM","exited"
"March 12, 2016 at 06:29PM","entered"
"March 14, 2016 at 09:38AM","entered"
"March 14, 2016 at 08:06PM","exited"
"March 15, 2016 at 09:33AM","entered"
"March 15, 2016 at 09:29PM","exited"
"March 16, 2016 at 12:03PM","entered"
"March 16, 2016 at 07:54PM","exited"
"March 17, 2016 at 08:31AM","entered"
"March 17, 2016 at 06:55PM","exited"
"March 18, 2016 at 10:07AM","entered"
"March 18, 2016 at 07:58PM","exited"
"March 30, 2016 at 08:26AM","entered"
"March 30, 2016 at 07:24PM","exited"
"March 30, 2016 at 09:09PM","entered"
"March 30, 2016 at 09:14PM","exited"
"March 31, 2016 at 07:52AM","entered"
"March 31, 2016 at 07:34PM","exited"
"April 01, 2016 at 08:40AM","entered"
"April 01, 2016 at 09:35PM","exited"
"April 02, 2016 at 06:35PM","entered"
"April 02, 2016 at 06:39PM","exited"
"April 04, 2016 at 07:53AM","entered"
"April 04, 2016 at 07:21PM","exited"
"April 05, 2016 at 08:52AM","entered"
"April 05, 2016 at 08:58AM","entered"
"April 05, 2016 at 12:42PM","entered"
"April 05, 2016 at 01:59PM","entered"
"April 05, 2016 at 02:04PM","exited"
"April 05, 2016 at 04:04PM","entered"
"April 05, 2016 at 08:28PM","exited"
"April 06, 2016 at 09:22AM","entered"
"April 06, 2016 at 01:00PM","entered"
"April 06, 2016 at 01:37PM","exited"
"April 06, 2016 at 01:39PM","entered"
"April 06, 2016 at 08:57PM","exited"
"April 06, 2016 at 09:05PM","entered"
"April 06, 2016 at 09:09PM","exited"
"April 07, 2016 at 09:16AM","entered"
"April 07, 2016 at 06:53PM","exited"
"April 08, 2016 at 08:49AM","entered"
"April 08, 2016 at 07:49PM","exited"
"April 09, 2016 at 01:29AM","entered"
"April 09, 2016 at 01:49AM","exited"
"April 11, 2016 at 09:26AM","entered"
"April 11, 2016 at 08:01PM","entered"
"April 11, 2016 at 08:07PM","exited"
"April 11, 2016 at 08:24PM","entered"
"April 12, 2016 at 12:38AM","exited"
"April 12, 2016 at 09:10AM","entered"
"April 12, 2016 at 07:37PM","exited"
"April 13, 2016 at 08:30AM","entered"
"April 14, 2016 at 12:40AM","exited"
"April 14, 2016 at 08:22AM","entered"
"April 14, 2016 at 09:15PM","exited"
"April 15, 2016 at 08:10AM","entered"
"April 15, 2016 at 09:18PM","exited"
"April 18, 2016 at 09:07AM","entered"
"April 19, 2016 at 01:21AM","exited"
"April 19, 2016 at 09:28AM","entered"
"April 19, 2016 at 04:27PM","exited"
"April 19, 2016 at 04:28PM","entered"
"April 19, 2016 at 06:01PM","exited"
"April 20, 2016 at 09:06AM","entered"
"April 20, 2016 at 01:49PM","entered"
"April 20, 2016 at 01:54PM","exited"
"April 20, 2016 at 02:01PM","entered"
"April 20, 2016 at 07:13PM","exited"
"April 21, 2016 at 09:04AM","entered"
"April 21, 2016 at 09:10AM","exited"
"April 21, 2016 at 09:14AM","entered"
"April 21, 2016 at 09:26AM","exited"
"April 21, 2016 at 09:37AM","exited"
"April 21, 2016 at 09:38AM","entered"
"April 21, 2016 at 02:08PM","entered"
"April 22, 2016 at 02:08AM","exited"
"April 22, 2016 at 11:10AM","entered"
"April 22, 2016 at 05:33PM","exited"
"April 25, 2016 at 09:25AM","entered"
"April 25, 2016 at 01:40PM","entered"
"April 26, 2016 at 08:57AM","entered"
"April 26, 2016 at 10:37AM","exited"
"April 26, 2016 at 10:40AM","entered"
"April 26, 2016 at 08:24PM","exited"
"April 27, 2016 at 09:24AM","entered"
"April 27, 2016 at 06:48PM","entered"
"April 28, 2016 at 08:56AM","entered"
"April 28, 2016 at 05:21PM","exited"
"April 29, 2016 at 08:58AM","entered"
"April 29, 2016 at 08:25PM","exited"
"May 02, 2016 at 09:12AM","entered"
"May 02, 2016 at 09:37PM","exited"
"May 03, 2016 at 09:53AM","entered"
"May 03, 2016 at 05:57PM","exited"
"May 03, 2016 at 10:17PM","entered"
"May 04, 2016 at 09:13AM","entered"
"May 04, 2016 at 07:10PM","exited"
"May 05, 2016 at 03:36AM","entered"
"May 05, 2016 at 03:40AM","exited"
"May 06, 2016 at 08:52AM","entered"
"May 06, 2016 at 05:14PM","exited"
"May 07, 2016 at 01:44PM","entered"
"May 07, 2016 at 02:20PM","exited"
"May 09, 2016 at 09:04AM","entered"
"May 09, 2016 at 05:13PM","exited"
"May 10, 2016 at 09:36AM","entered"
"May 10, 2016 at 05:55PM","exited"
"May 11, 2016 at 09:26AM","entered"
"May 11, 2016 at 04:50PM","exited"
"May 12, 2016 at 09:41AM","entered"
"May 12, 2016 at 06:03PM","exited"
"May 12, 2016 at 06:45PM","entered"
"May 12, 2016 at 07:28PM","exited"
"May 13, 2016 at 01:33PM","entered"
"May 13, 2016 at 06:29PM","exited"
"May 17, 2016 at 10:24AM","entered"
"May 17, 2016 at 07:37PM","exited"
"May 18, 2016 at 09:30AM","entered"
"May 18, 2016 at 07:07PM","exited"
"May 19, 2016 at 09:20AM","entered"
"May 19, 2016 at 06:49PM","exited"
"May 20, 2016 at 08:48AM","entered"
"May 20, 2016 at 08:00PM","exited"
"May 22, 2016 at 12:40PM","entered"
"May 22, 2016 at 01:25PM","exited"
"May 23, 2016 at 08:21AM","entered"
"May 23, 2016 at 08:49PM","exited"
"May 24, 2016 at 08:42AM","entered"
"May 24, 2016 at 08:58PM","exited"
"May 25, 2016 at 09:16AM","entered"
"May 25, 2016 at 06:12PM","exited"
"May 26, 2016 at 04:01PM","entered"
"May 26, 2016 at 04:45PM","exited"
"May 27, 2016 at 08:57AM","entered"
"May 27, 2016 at 04:51PM","exited"
"May 30, 2016 at 09:00AM","entered"
"May 30, 2016 at 06:52PM","exited"
"May 31, 2016 at 08:31AM","entered"
"May 31, 2016 at 06:55PM","exited"
"June 01, 2016 at 09:36AM","entered"
"June 01, 2016 at 06:59PM","exited"
"June 02, 2016 at 08:55AM","entered"
"June 02, 2016 at 12:21PM","exited"
"June 02, 2016 at 12:33PM","entered"
"June 02, 2016 at 09:08PM","exited"
"June 03, 2016 at 08:38AM","entered"
"June 03, 2016 at 07:37PM","exited"
"June 06, 2016 at 09:19AM","entered"
"June 06, 2016 at 06:07PM","exited"
"June 07, 2016 at 09:01AM","entered"
"June 07, 2016 at 05:43PM","exited"
"June 07, 2016 at 05:56PM","entered"
"June 07, 2016 at 07:40PM","exited"
"June 08, 2016 at 09:01AM","entered"
"June 08, 2016 at 03:23PM","exited"
"June 08, 2016 at 05:02PM","entered"
"June 08, 2016 at 07:54PM","exited"
"June 09, 2016 at 08:51AM","entered"
"June 09, 2016 at 09:59AM","entered"
"June 09, 2016 at 10:03AM","entered"
"June 09, 2016 at 04:56PM","entered"
"June 10, 2016 at 08:55AM","entered"
"June 10, 2016 at 06:13PM","exited"
"June 10, 2016 at 07:08PM","entered"
"June 11, 2016 at 07:01PM","entered"
"June 11, 2016 at 07:05PM","exited"
"June 13, 2016 at 08:52AM","entered"
"June 13, 2016 at 10:48AM","entered"
"June 13, 2016 at 11:09AM","entered"
"June 13, 2016 at 11:41AM","entered"
"June 13, 2016 at 11:46AM","exited"
"June 13, 2016 at 11:48AM","entered"
"June 13, 2016 at 11:49AM","exited"
"June 13, 2016 at 11:52AM","entered"
"June 13, 2016 at 11:53AM","exited"
"June 13, 2016 at 11:56AM","entered"
"June 13, 2016 at 06:03PM","exited"
"June 13, 2016 at 06:15PM","entered"
"June 13, 2016 at 08:36PM","exited"
"June 14, 2016 at 09:10AM","entered"
"June 14, 2016 at 05:54PM","exited"
"June 15, 2016 at 08:52AM","entered"
"June 15, 2016 at 07:29PM","exited"
"June 16, 2016 at 08:51AM","entered"
"June 16, 2016 at 12:09PM","exited"
"June 16, 2016 at 12:09PM","entered"
"June 16, 2016 at 12:12PM","exited"
"June 16, 2016 at 12:14PM","entered"
"June 16, 2016 at 12:25PM","entered"
"June 16, 2016 at 08:20PM","exited"
"June 17, 2016 at 08:54AM","entered"
"June 17, 2016 at 05:13PM","exited"
"June 17, 2016 at 05:49PM","entered"
"June 20, 2016 at 09:14AM","entered"
"June 20, 2016 at 07:40PM","exited"
"June 21, 2016 at 09:24AM","entered"
"June 21, 2016 at 08:51PM","exited"
"June 22, 2016 at 09:33AM","entered"
"June 22, 2016 at 12:59PM","exited"
"June 22, 2016 at 01:01PM","entered"
"June 22, 2016 at 07:55PM","entered"
"June 22, 2016 at 08:38PM","exited"
"June 22, 2016 at 08:39PM","entered"
"June 22, 2016 at 08:41PM","exited"
"June 23, 2016 at 08:51AM","entered"
"June 23, 2016 at 06:42PM","exited"
"June 24, 2016 at 08:55AM","entered"
"June 24, 2016 at 01:10PM","exited"
"June 24, 2016 at 01:42PM","entered"
"June 24, 2016 at 02:57PM","exited"
"June 27, 2016 at 09:33AM","entered"
"June 27, 2016 at 09:35PM","exited"
"June 28, 2016 at 08:52AM","entered"
"June 28, 2016 at 12:11PM","exited"
"June 28, 2016 at 12:29PM","entered"
"June 28, 2016 at 12:32PM","exited"
"June 28, 2016 at 12:39PM","entered"
"June 28, 2016 at 07:12PM","exited"
"June 29, 2016 at 09:34AM","entered"
"June 29, 2016 at 12:26PM","exited"
"June 29, 2016 at 12:29PM","entered"
"June 29, 2016 at 12:30PM","exited"
"June 29, 2016 at 12:32PM","entered"
"June 29, 2016 at 12:35PM","exited"
"June 29, 2016 at 12:38PM","entered"
"June 29, 2016 at 09:53PM","exited"
"June 30, 2016 at 06:44PM","entered"
"June 30, 2016 at 07:13PM","exited"
"July 01, 2016 at 08:52AM","entered"
"July 01, 2016 at 02:21PM","exited"
"July 02, 2016 at 02:40PM","entered"
"July 02, 2016 at 03:50PM","exited"
"July 02, 2016 at 05:46PM","entered"
"July 02, 2016 at 08:04PM","exited"
"July 03, 2016 at 06:06PM","entered"
"July 03, 2016 at 08:14PM","exited"
"July 04, 2016 at 09:07AM","entered"
"July 04, 2016 at 09:14PM","exited"
"July 05, 2016 at 07:34PM","exited"
"July 06, 2016 at 09:24AM","entered"
"July 06, 2016 at 06:59PM","exited"
"July 07, 2016 at 09:38AM","entered"
"July 07, 2016 at 08:03PM","exited"
"July 08, 2016 at 08:56AM","entered"
"July 08, 2016 at 09:36PM","exited"
"July 08, 2016 at 09:36PM","entered"
"July 08, 2016 at 09:36PM","exited"
"July 11, 2016 at 09:28AM","entered"
"July 11, 2016 at 06:40PM","exited"
"July 12, 2016 at 09:03AM","entered"
"July 12, 2016 at 08:46PM","exited"
"July 13, 2016 at 10:04AM","entered"
"July 13, 2016 at 10:46PM","exited"
"July 14, 2016 at 09:38AM","entered"
"July 15, 2016 at 08:51AM","entered"
"July 15, 2016 at 06:59PM","exited"
"July 16, 2016 at 08:01PM","entered"
"July 16, 2016 at 08:02PM","exited"
"July 18, 2016 at 09:23AM","entered"
"July 18, 2016 at 07:59PM","exited"
"July 18, 2016 at 08:01PM","entered"
"July 18, 2016 at 08:02PM","exited"
"July 18, 2016 at 09:32PM","entered"
"July 19, 2016 at 09:02AM","entered"
"July 19, 2016 at 07:06PM","exited"
"July 22, 2016 at 08:58AM","entered"
"July 22, 2016 at 09:38PM","exited"
"July 23, 2016 at 08:59PM","entered"
"July 24, 2016 at 05:01PM","entered"
"July 25, 2016 at 09:18AM","entered"
"July 25, 2016 at 07:21PM","exited"
"July 26, 2016 at 09:02AM","entered"
"July 26, 2016 at 03:46PM","exited"
"July 26, 2016 at 03:52PM","entered"
"July 26, 2016 at 09:39PM","exited"
"July 27, 2016 at 08:55AM","entered"
"July 27, 2016 at 07:17PM","exited"
"July 27, 2016 at 07:18PM","entered"
"July 27, 2016 at 07:19PM","exited"
"July 27, 2016 at 11:56PM","entered"
"July 28, 2016 at 09:17AM","entered"
"July 28, 2016 at 08:52PM","exited"
"July 28, 2016 at 08:58PM","entered"
"July 28, 2016 at 08:58PM","exited"
"July 28, 2016 at 09:03PM","entered"
"July 28, 2016 at 09:06PM","exited"
"July 28, 2016 at 10:29PM","exited"
"July 28, 2016 at 10:59PM","exited"
"July 29, 2016 at 08:54AM","entered"
"July 29, 2016 at 09:02AM","exited"
"July 29, 2016 at 12:38PM","entered"
"July 29, 2016 at 12:42PM","exited"
"July 29, 2016 at 12:44PM","entered"
"July 29, 2016 at 07:04PM","exited"
"July 30, 2016 at 04:14PM","entered"
"July 30, 2016 at 07:55PM","exited"
"July 31, 2016 at 05:24PM","entered"
"July 31, 2016 at 10:48PM","exited"
"August 01, 2016 at 09:04AM","entered"
"August 01, 2016 at 12:37PM","exited"
"August 01, 2016 at 12:47PM","entered"
"August 01, 2016 at 01:00PM","exited"
"August 01, 2016 at 01:04PM","entered"
"August 01, 2016 at 07:07PM","exited"
"August 02, 2016 at 09:01AM","entered"
"August 02, 2016 at 10:03PM","exited"
"August 03, 2016 at 09:21AM","entered"
"August 03, 2016 at 06:47PM","exited"
"August 04, 2016 at 12:52PM","entered"
"August 04, 2016 at 01:04PM","entered"
"August 04, 2016 at 01:13PM","entered"
"August 04, 2016 at 01:36PM","exited"
"August 05, 2016 at 10:17AM","entered"
"August 05, 2016 at 06:37PM","exited"
"August 10, 2016 at 07:54AM","entered"
"August 10, 2016 at 06:22PM","exited"
"August 11, 2016 at 09:19AM","entered"
"August 11, 2016 at 08:12PM","exited"
"August 12, 2016 at 08:49AM","entered"
"August 12, 2016 at 05:51PM","exited"
"August 16, 2016 at 09:56AM","entered"
"August 16, 2016 at 07:05PM","exited"
"August 17, 2016 at 09:05AM","entered"
"August 17, 2016 at 05:52PM","exited"
"August 18, 2016 at 08:49AM","entered"
"August 18, 2016 at 09:14AM","entered"
"August 18, 2016 at 10:16PM","exited"
"August 19, 2016 at 08:48AM","entered"
"August 19, 2016 at 05:23PM","exited"
"August 19, 2016 at 06:58PM","entered"
"August 19, 2016 at 09:53PM","exited"
"August 20, 2016 at 08:12PM","exited"
"August 21, 2016 at 03:05PM","entered"
"August 21, 2016 at 03:52PM","exited"
"August 21, 2016 at 07:55PM","entered"
"August 21, 2016 at 08:34PM","exited"
"September 01, 2016 at 08:58AM","entered"
"September 01, 2016 at 06:08PM","exited"
"September 02, 2016 at 09:00AM","entered"
"September 02, 2016 at 06:38PM","exited"
"September 02, 2016 at 09:23PM","entered"
"September 02, 2016 at 09:27PM","exited"
"September 03, 2016 at 04:10PM","entered"
"September 03, 2016 at 06:48PM","exited"
"September 03, 2016 at 07:04PM","exited"
"September 05, 2016 at 08:27AM","entered"
"September 05, 2016 at 09:10PM","exited"
"September 05, 2016 at 09:17PM","exited"
"September 05, 2016 at 09:53PM","exited"
"September 06, 2016 at 10:17AM","entered"
"September 06, 2016 at 07:49PM","exited"
"September 07, 2016 at 09:34AM","entered"
"September 07, 2016 at 07:03PM","exited"
"September 08, 2016 at 09:14AM","entered"
"September 08, 2016 at 12:52PM","entered"
"September 08, 2016 at 06:47PM","exited"
"September 08, 2016 at 09:05PM","entered"
"September 08, 2016 at 09:36PM","exited"
"September 09, 2016 at 09:00AM","entered"
"September 09, 2016 at 10:24AM","exited"
"September 09, 2016 at 10:41AM","entered"
"September 09, 2016 at 01:04PM","entered"
"September 09, 2016 at 06:01PM","entered"
"September 10, 2016 at 12:00AM","exited"
"September 10, 2016 at 06:00PM","entered"
"September 10, 2016 at 06:34PM","entered"
"September 10, 2016 at 09:43PM","exited"
"September 11, 2016 at 02:57PM","entered"
"September 11, 2016 at 03:43PM","exited"
"September 12, 2016 at 09:31AM","entered"
"September 12, 2016 at 09:53PM","exited"
"September 12, 2016 at 11:26PM","exited"
"September 13, 2016 at 08:50AM","entered"
"September 13, 2016 at 12:39PM","exited"
"September 13, 2016 at 12:43PM","entered"
"September 13, 2016 at 07:19PM","exited"
"September 14, 2016 at 09:15AM","entered"
"September 14, 2016 at 12:52PM","exited"
"September 14, 2016 at 12:58PM","entered"
"September 14, 2016 at 10:31PM","exited"
"September 15, 2016 at 09:02AM","entered"
"September 15, 2016 at 12:16PM","exited"
"September 15, 2016 at 12:20PM","entered"
"September 15, 2016 at 02:28PM","exited"
"September 15, 2016 at 04:21PM","entered"
"September 15, 2016 at 10:15PM","exited"
"September 16, 2016 at 08:47AM","entered"
"September 16, 2016 at 06:24PM","exited"
"September 16, 2016 at 06:37PM","entered"
"September 16, 2016 at 06:57PM","exited"
"September 16, 2016 at 06:58PM","entered"
"September 16, 2016 at 07:00PM","exited"
"September 16, 2016 at 07:03PM","entered"
"September 16, 2016 at 08:47PM","exited"
"September 17, 2016 at 01:55PM","entered"
"September 17, 2016 at 06:51PM","exited"
"September 18, 2016 at 06:16PM","entered"
"September 18, 2016 at 06:23PM","exited"
"September 19, 2016 at 09:28AM","entered"
"September 19, 2016 at 06:43PM","exited"
"September 19, 2016 at 06:56PM","entered"
"September 19, 2016 at 11:45PM","exited"
"September 20, 2016 at 09:38AM","entered"
"September 20, 2016 at 07:06PM","exited"
"September 21, 2016 at 09:43AM","entered"
"September 21, 2016 at 05:51PM","exited"
"September 21, 2016 at 09:44PM","entered"
"September 21, 2016 at 10:38PM","exited"
"September 22, 2016 at 08:32PM","exited"
"September 23, 2016 at 08:49AM","entered"
"September 24, 2016 at 01:01AM","exited"
"September 25, 2016 at 01:02PM","entered"
"September 26, 2016 at 09:19AM","entered"
"September 26, 2016 at 06:08PM","exited"
"September 27, 2016 at 09:31AM","entered"
"September 28, 2016 at 10:01AM","entered"
"September 28, 2016 at 06:54PM","exited"
"September 28, 2016 at 09:04PM","entered"
"September 28, 2016 at 09:05PM","exited"
"September 28, 2016 at 09:06PM","entered"
"September 28, 2016 at 09:22PM","exited"
"September 29, 2016 at 09:30AM","entered"
"September 29, 2016 at 01:26PM","exited"
"September 29, 2016 at 02:22PM","entered"
"September 29, 2016 at 11:09PM","exited"
"September 30, 2016 at 10:40PM","exited"
"October 01, 2016 at 09:33PM","entered"
"October 01, 2016 at 09:38PM","exited"
"October 03, 2016 at 12:29PM","entered"
"October 03, 2016 at 05:55PM","exited"
"October 04, 2016 at 11:25AM","entered"
"October 04, 2016 at 06:32PM","exited"
"October 05, 2016 at 09:19AM","entered"
"October 05, 2016 at 01:14PM","exited"
"October 05, 2016 at 02:15PM","entered"
"October 05, 2016 at 06:30PM","exited"
"October 06, 2016 at 08:58AM","entered"
"October 06, 2016 at 10:49AM","exited"
"October 06, 2016 at 12:36PM","entered"
"October 06, 2016 at 02:48PM","entered"
"October 06, 2016 at 05:27PM","entered"
"October 06, 2016 at 05:54PM","entered"
"October 06, 2016 at 06:39PM","entered"
"October 06, 2016 at 06:57PM","entered"
"October 06, 2016 at 07:32PM","entered"
"October 06, 2016 at 09:17PM","exited"
"October 07, 2016 at 09:00AM","entered"
"October 07, 2016 at 09:48AM","entered"
"October 07, 2016 at 10:29AM","entered"
"October 10, 2016 at 09:58AM","entered"
"October 11, 2016 at 09:14AM","entered"
"October 11, 2016 at 02:54PM","exited"
"October 11, 2016 at 03:30PM","entered"
"October 11, 2016 at 06:54PM","exited"
"October 12, 2016 at 09:36AM","entered"
"October 12, 2016 at 09:49PM","exited"
"October 13, 2016 at 09:32AM","entered"
"October 13, 2016 at 09:12PM","exited"
"October 14, 2016 at 09:05AM","entered"
"October 14, 2016 at 08:37PM","exited"
"October 17, 2016 at 09:33AM","entered"
"October 17, 2016 at 08:30PM","exited"
"October 18, 2016 at 09:25AM","entered"
"October 18, 2016 at 06:18PM","exited"
"October 19, 2016 at 09:24AM","entered"
"October 19, 2016 at 06:59PM","exited"
"October 20, 2016 at 12:39AM","entered"
"October 20, 2016 at 12:42AM","exited"
"October 20, 2016 at 08:56AM","entered"
"October 20, 2016 at 07:53PM","exited"
"October 21, 2016 at 09:05AM","entered"
"October 24, 2016 at 09:27AM","entered"
"October 24, 2016 at 08:21PM","exited"
"October 25, 2016 at 09:41AM","entered"
"October 25, 2016 at 08:11PM","exited"
"October 26, 2016 at 12:50PM","entered"
"October 26, 2016 at 02:54PM","exited"
"October 26, 2016 at 02:56PM","entered"
"October 26, 2016 at 03:26PM","entered"
"October 26, 2016 at 03:52PM","exited"
"October 27, 2016 at 09:03AM","entered"
"October 27, 2016 at 06:09PM","exited"
"October 28, 2016 at 08:59AM","entered"
"October 29, 2016 at 05:07AM","exited"
"October 31, 2016 at 08:29PM","exited"
"November 02, 2016 at 09:34AM","entered"
"November 02, 2016 at 10:27AM","entered"
"November 02, 2016 at 07:01PM","entered"
"November 02, 2016 at 07:27PM","entered"
"November 03, 2016 at 06:47PM","exited"
"November 07, 2016 at 08:56AM","entered"
"November 07, 2016 at 09:26AM","exited"
"November 07, 2016 at 09:28AM","entered"
"November 07, 2016 at 09:49AM","exited"
"November 07, 2016 at 09:50AM","entered"
"November 07, 2016 at 09:51AM","exited"
"November 07, 2016 at 09:52AM","entered"
"November 08, 2016 at 03:22PM","entered"
"November 08, 2016 at 06:01PM","exited"
"November 08, 2016 at 10:32PM","entered"
"November 08, 2016 at 10:35PM","exited"
"November 09, 2016 at 10:14AM","entered"
"November 09, 2016 at 10:17AM","entered"
"November 09, 2016 at 12:06PM","entered"
"November 09, 2016 at 07:44PM","entered"
"November 09, 2016 at 09:38PM","exited"
"November 10, 2016 at 09:28AM","entered"
"November 10, 2016 at 02:45PM","entered"
"November 10, 2016 at 02:49PM","entered"
"November 10, 2016 at 06:07PM","entered"
"November 10, 2016 at 08:41PM","exited"
"November 10, 2016 at 08:42PM","entered"
"November 10, 2016 at 08:43PM","exited"
"November 10, 2016 at 08:44PM","entered"
"November 10, 2016 at 09:43PM","entered"
"November 10, 2016 at 09:57PM","entered"
"November 10, 2016 at 10:40PM","entered"
"November 11, 2016 at 12:27PM","entered"
"November 11, 2016 at 04:00PM","entered"
"November 11, 2016 at 06:15PM","entered"
"November 11, 2016 at 06:37PM","exited"
"November 12, 2016 at 04:39PM","entered"
"November 14, 2016 at 08:56AM","entered"
"November 14, 2016 at 09:16AM","entered"
"November 14, 2016 at 05:19PM","entered"
"November 15, 2016 at 09:19AM","entered"
"November 15, 2016 at 04:47PM","entered"
"November 15, 2016 at 04:57PM","exited"
"November 15, 2016 at 04:58PM","entered"
"November 15, 2016 at 05:03PM","exited"
"November 15, 2016 at 10:37PM","entered"
"November 15, 2016 at 11:40PM","exited"
"November 16, 2016 at 10:43AM","entered"
"November 16, 2016 at 08:15PM","exited"
"November 17, 2016 at 08:56AM","entered"
"November 17, 2016 at 09:18AM","entered"
"November 17, 2016 at 04:27PM","entered"
"November 17, 2016 at 05:37PM","exited"
"November 17, 2016 at 05:43PM","entered"
"November 18, 2016 at 08:59AM","entered"
"November 18, 2016 at 09:03AM","entered"
"November 21, 2016 at 10:40AM","entered"
"November 21, 2016 at 02:29PM","entered"
"November 21, 2016 at 08:16PM","exited"
"November 22, 2016 at 10:08AM","entered"
"November 22, 2016 at 12:50PM","exited"
"November 22, 2016 at 12:51PM","entered"
"November 22, 2016 at 02:10PM","entered"
"November 22, 2016 at 02:15PM","entered"
"November 22, 2016 at 02:23PM","entered"
"November 22, 2016 at 06:26PM","entered"
"November 22, 2016 at 10:33PM","entered"
"November 22, 2016 at 10:35PM","exited"
"November 23, 2016 at 09:19AM","entered"
"November 23, 2016 at 09:26AM","entered"
"November 23, 2016 at 09:38AM","entered"
"November 23, 2016 at 10:24AM","entered"
"November 23, 2016 at 10:39AM","entered"
"November 23, 2016 at 10:53AM","entered"
"November 23, 2016 at 11:14AM","entered"
"November 23, 2016 at 11:24AM","entered"
"November 23, 2016 at 11:40AM","entered"
"November 23, 2016 at 11:56AM","entered"
"November 23, 2016 at 01:47PM","entered"
"November 23, 2016 at 01:50PM","entered"
"November 23, 2016 at 02:37PM","entered"
"November 23, 2016 at 02:47PM","entered"
"November 23, 2016 at 03:03PM","entered"
"November 23, 2016 at 03:18PM","entered"
"November 23, 2016 at 04:08PM","entered"
"November 23, 2016 at 05:47PM","entered"
"November 23, 2016 at 06:05PM","entered"
"November 23, 2016 at 07:38PM","entered"
"November 23, 2016 at 07:41PM","entered"
"November 23, 2016 at 08:01PM","entered"
"November 23, 2016 at 08:18PM","entered"
"November 23, 2016 at 08:55PM","entered"
"November 23, 2016 at 09:30PM","entered"
"November 23, 2016 at 09:56PM","entered"
"November 23, 2016 at 10:06PM","entered"
"November 23, 2016 at 10:32PM","entered"
"November 23, 2016 at 10:42PM","entered"
"November 23, 2016 at 11:08PM","entered"
"November 23, 2016 at 11:10PM","entered"
"November 23, 2016 at 11:13PM","exited"
"November 24, 2016 at 08:52AM","entered"
"November 24, 2016 at 08:55AM","entered"
"November 24, 2016 at 09:00AM","entered"
"November 24, 2016 at 07:36PM","exited"
"November 25, 2016 at 08:53AM","entered"
"November 25, 2016 at 09:16AM","entered"
"November 25, 2016 at 11:13AM","entered"
"November 25, 2016 at 02:51PM","entered"
"November 25, 2016 at 02:54PM","entered"
"November 25, 2016 at 03:01PM","entered"
"November 25, 2016 at 05:26PM","entered"
"November 25, 2016 at 05:32PM","entered"
"November 25, 2016 at 08:27PM","exited"
"November 25, 2016 at 08:28PM","entered"
"November 26, 2016 at 05:22PM","entered"
"November 26, 2016 at 08:47PM","exited"
"November 27, 2016 at 04:11PM","entered"
"December 06, 2016 at 10:33PM","entered"
"December 07, 2016 at 06:29AM","entered"
"December 07, 2016 at 06:30AM","exited"
"December 07, 2016 at 09:28AM","entered"
"December 08, 2016 at 02:34PM","entered"
"December 09, 2016 at 09:01AM","entered"
"December 09, 2016 at 09:46AM","entered"
"December 09, 2016 at 09:57AM","entered"
"December 09, 2016 at 01:15PM","entered"
"December 09, 2016 at 04:55PM","entered"
"December 09, 2016 at 05:00PM","entered"
"December 09, 2016 at 05:10PM","entered"
"December 09, 2016 at 05:20PM","entered"
"December 09, 2016 at 05:45PM","entered"
"December 09, 2016 at 07:23PM","entered"
"December 09, 2016 at 08:25PM","entered"
"December 09, 2016 at 09:11PM","entered"
"December 09, 2016 at 09:40PM","entered"
"December 09, 2016 at 10:04PM","entered"
"December 10, 2016 at 11:26AM","entered"
"December 10, 2016 at 11:30AM","exited"
"December 10, 2016 at 12:51PM","entered"
"December 10, 2016 at 03:30PM","entered"
"December 10, 2016 at 03:45PM","entered"
"December 10, 2016 at 04:54PM","entered"
"December 10, 2016 at 05:59PM","entered"
"December 30, 2016 at 09:46AM","entered"
"December 30, 2016 at 09:51AM","entered"
"December 30, 2016 at 09:57AM","entered"
"December 30, 2016 at 10:08AM","entered"
"December 30, 2016 at 10:28AM","entered"
"December 30, 2016 at 11:11AM","entered"
"December 30, 2016 at 11:50AM","entered"
"December 30, 2016 at 12:11PM","entered"
"December 30, 2016 at 01:42PM","entered"
"December 30, 2016 at 03:09PM","entered"
"December 30, 2016 at 04:01PM","entered"
"December 30, 2016 at 05:59PM","entered"
"December 30, 2016 at 06:25PM","entered"
"December 30, 2016 at 06:40PM","entered"
"December 30, 2016 at 07:31PM","entered"
"December 31, 2016 at 05:20PM","exited"
"December 31, 2016 at 11:54PM","entered"
"December 31, 2016 at 11:57PM","entered"
"January 01, 2017 at 12:46AM","exited"
"January 02, 2017 at 09:43AM","entered"
"January 03, 2017 at 09:49AM","entered"
"January 03, 2017 at 05:02PM","entered"
"January 03, 2017 at 05:08PM","entered"
"January 04, 2017 at 09:34AM","entered"
"January 04, 2017 at 11:31AM","entered"
"January 04, 2017 at 02:17PM","entered"
"January 04, 2017 at 03:48PM","entered"
"January 04, 2017 at 10:03PM","entered"
"January 05, 2017 at 09:35AM","entered"
"January 05, 2017 at 05:30PM","exited"
"January 05, 2017 at 05:31PM","entered"
"January 05, 2017 at 06:20PM","entered"
"January 05, 2017 at 06:57PM","entered"
"January 05, 2017 at 07:08PM","entered"
"January 05, 2017 at 07:11PM","entered"
"January 05, 2017 at 07:14PM","entered"
"January 05, 2017 at 07:22PM","entered"
"January 05, 2017 at 07:45PM","entered"
"January 05, 2017 at 08:00PM","entered"
"January 05, 2017 at 08:11PM","entered"
"January 05, 2017 at 08:27PM","entered"
"January 05, 2017 at 08:42PM","entered"
"January 05, 2017 at 08:58PM","entered"
"January 05, 2017 at 09:29PM","entered"
"January 05, 2017 at 10:16PM","entered"
"January 05, 2017 at 10:52PM","entered"
"January 05, 2017 at 11:28PM","entered"
"January 05, 2017 at 11:35PM","entered"
"January 05, 2017 at 11:42PM","entered"
"January 06, 2017 at 12:02AM","entered"
"January 06, 2017 at 12:34AM","entered"
"January 06, 2017 at 01:02AM","entered"
"January 06, 2017 at 03:12PM","entered"
"January 06, 2017 at 03:18PM","entered"
"January 06, 2017 at 03:30PM","entered"
"January 06, 2017 at 04:15PM","entered"
"January 06, 2017 at 04:30PM","entered"
"January 06, 2017 at 05:37PM","entered"
"January 06, 2017 at 05:50PM","entered"
"January 06, 2017 at 07:43PM","entered"
"January 06, 2017 at 08:20PM","entered"
"January 06, 2017 at 08:45PM","entered"
"January 06, 2017 at 09:02PM","entered"
"January 06, 2017 at 09:16PM","entered"
"January 06, 2017 at 09:28PM","entered"
"January 06, 2017 at 09:48PM","entered"
"January 06, 2017 at 10:04PM","entered"
"January 06, 2017 at 10:33PM","entered"
"January 06, 2017 at 11:14PM","entered"
"January 07, 2017 at 12:20AM","entered"
"January 07, 2017 at 05:33PM","entered"
"January 07, 2017 at 05:49PM","entered"
"January 07, 2017 at 05:55PM","exited"
"January 08, 2017 at 02:33PM","entered"
"January 08, 2017 at 10:41PM","exited"
"January 09, 2017 at 09:40AM","entered"
"January 09, 2017 at 09:44AM","entered"
"January 09, 2017 at 10:21AM","entered"
"January 09, 2017 at 12:06PM","entered"
"January 09, 2017 at 06:55PM","entered"
"January 09, 2017 at 09:01PM","exited"
"January 10, 2017 at 09:55AM","entered"
"January 10, 2017 at 07:03PM","exited"
"January 11, 2017 at 09:41AM","entered"
"January 11, 2017 at 05:31PM","exited"
"January 13, 2017 at 08:58AM","entered"
"January 13, 2017 at 07:04PM","entered"
"January 13, 2017 at 08:15PM","exited"
"January 14, 2017 at 02:17PM","entered"
"January 14, 2017 at 08:27PM","exited"
"January 16, 2017 at 09:00AM","entered"
"January 16, 2017 at 10:32PM","exited"
"January 17, 2017 at 08:09AM","entered"
"January 17, 2017 at 08:38AM","entered"
"January 17, 2017 at 09:59AM","entered"
"January 17, 2017 at 10:12AM","entered"
"January 17, 2017 at 10:39AM","entered"
"January 17, 2017 at 10:53AM","entered"
"January 17, 2017 at 11:14AM","entered"
"January 17, 2017 at 11:28AM","entered"
"January 17, 2017 at 11:44AM","entered"
"January 17, 2017 at 11:58AM","entered"
"January 17, 2017 at 01:53PM","entered"
"January 17, 2017 at 03:04PM","entered"
"January 17, 2017 at 03:56PM","entered"
"January 17, 2017 at 04:20PM","entered"
"January 17, 2017 at 05:28PM","entered"
"January 17, 2017 at 06:38PM","entered"
"January 17, 2017 at 07:17PM","entered"
"January 17, 2017 at 08:15PM","exited"
"January 17, 2017 at 10:38PM","entered"
"January 17, 2017 at 10:56PM","entered"
"January 17, 2017 at 11:20PM","entered"
"January 18, 2017 at 01:18AM","entered"
"January 18, 2017 at 01:33AM","entered"
"January 18, 2017 at 07:49AM","entered"
"January 18, 2017 at 11:27AM","entered"
"January 18, 2017 at 02:40PM","exited"
"January 18, 2017 at 03:49PM","entered"
"January 18, 2017 at 07:01PM","exited"
"January 19, 2017 at 02:25PM","entered"
"January 19, 2017 at 03:40PM","entered"
"January 19, 2017 at 06:12PM","entered"
"January 19, 2017 at 08:47PM","exited"
"January 20, 2017 at 08:47AM","entered"
"January 20, 2017 at 12:13PM","entered"
"January 20, 2017 at 12:35PM","entered"
"January 20, 2017 at 10:30PM","exited"
"January 23, 2017 at 09:24AM","entered"
"January 23, 2017 at 05:51PM","exited"
"January 23, 2017 at 06:02PM","entered"
"January 23, 2017 at 10:28PM","exited"
"January 24, 2017 at 09:00AM","entered"
"January 24, 2017 at 10:00AM","entered"
"January 24, 2017 at 10:07AM","entered"
"January 24, 2017 at 10:16AM","entered"
"January 24, 2017 at 10:24AM","entered"
"January 24, 2017 at 10:39AM","entered"
"January 24, 2017 at 10:59AM","entered"
"January 24, 2017 at 11:49AM","entered"
"January 24, 2017 at 11:57AM","entered"
"January 24, 2017 at 02:16PM","entered"
"January 24, 2017 at 02:18PM","entered"
"January 24, 2017 at 02:31PM","entered"
"January 24, 2017 at 02:42PM","entered"
"January 24, 2017 at 02:59PM","entered"
"January 24, 2017 at 03:15PM","entered"
"January 24, 2017 at 03:21PM","entered"
"January 24, 2017 at 04:16PM","entered"
"January 24, 2017 at 04:25PM","entered"
"January 24, 2017 at 05:20PM","entered"
"January 24, 2017 at 05:28PM","entered"
"January 24, 2017 at 05:38PM","entered"
"January 24, 2017 at 05:53PM","entered"
"January 24, 2017 at 06:55PM","entered"
"January 24, 2017 at 07:30PM","entered"
"January 24, 2017 at 08:48PM","entered"
"January 24, 2017 at 09:05PM","entered"
"January 24, 2017 at 10:31PM","entered"
"January 24, 2017 at 10:44PM","entered"
"January 24, 2017 at 11:27PM","entered"
"January 25, 2017 at 09:50AM","entered"
"January 25, 2017 at 06:57PM","entered"
"January 25, 2017 at 07:28PM","entered"
"January 25, 2017 at 07:29PM","exited"
"January 25, 2017 at 07:44PM","entered"
"January 26, 2017 at 01:32AM","exited"
"January 26, 2017 at 09:33AM","entered"
"January 26, 2017 at 07:00PM","exited"
"January 27, 2017 at 08:31AM","entered"
"January 27, 2017 at 08:59AM","entered"
"January 27, 2017 at 09:30AM","entered"
"January 27, 2017 at 10:04AM","entered"
"January 27, 2017 at 10:13AM","entered"
"January 27, 2017 at 11:30AM","entered"
"January 27, 2017 at 12:40PM","entered"
"January 27, 2017 at 12:55PM","entered"
"January 27, 2017 at 02:25PM","entered"
"January 27, 2017 at 02:40PM","entered"
"January 27, 2017 at 03:05PM","entered"
"January 27, 2017 at 04:05PM","entered"
"January 27, 2017 at 04:39PM","entered"
"January 27, 2017 at 04:47PM","entered"
"January 27, 2017 at 05:57PM","entered"
"January 27, 2017 at 06:13PM","entered"
"January 27, 2017 at 06:45PM","entered"
"January 27, 2017 at 11:09PM","entered"
"January 28, 2017 at 01:19AM","entered"
"January 28, 2017 at 01:23AM","exited"
"January 29, 2017 at 04:09AM","entered"
"January 29, 2017 at 04:13AM","exited"
"January 30, 2017 at 12:30PM","entered"
"January 30, 2017 at 04:57PM","exited"
"January 31, 2017 at 10:41AM","entered"
"January 31, 2017 at 11:31AM","entered"
"January 31, 2017 at 11:44AM","entered"
"January 31, 2017 at 12:28PM","entered"
"January 31, 2017 at 01:37PM","entered"
"January 31, 2017 at 02:08PM","entered"
"January 31, 2017 at 03:08PM","entered"
"January 31, 2017 at 03:23PM","entered"
"January 31, 2017 at 03:54PM","entered"
"January 31, 2017 at 04:35PM","entered"
"January 31, 2017 at 06:49PM","exited"
"January 31, 2017 at 10:46PM","entered"
"January 31, 2017 at 10:47PM","exited"
"February 01, 2017 at 11:32AM","entered"
"February 01, 2017 at 04:44PM","entered"
"February 01, 2017 at 06:21PM","entered"
"February 01, 2017 at 07:06PM","entered"
"February 01, 2017 at 07:27PM","entered"
"February 01, 2017 at 07:42PM","entered"
"February 01, 2017 at 08:38PM","entered"
"February 01, 2017 at 09:03PM","entered"
"February 01, 2017 at 09:32PM","entered"
"February 01, 2017 at 10:15PM","entered"
"February 01, 2017 at 10:30PM","entered"
"February 01, 2017 at 10:46PM","entered"
"February 01, 2017 at 11:01PM","entered"
"February 01, 2017 at 11:02PM","exited"
"February 02, 2017 at 10:31AM","entered"
"February 02, 2017 at 10:42AM","entered"
"February 02, 2017 at 11:03AM","entered"
"February 02, 2017 at 11:14AM","entered"
"February 02, 2017 at 11:52AM","entered"
"February 02, 2017 at 12:53PM","entered"
"February 02, 2017 at 01:46PM","entered"
"February 02, 2017 at 02:31PM","entered"
"February 02, 2017 at 02:42PM","entered"
"February 02, 2017 at 03:49PM","entered"
"February 02, 2017 at 05:30PM","entered"
"February 02, 2017 at 05:33PM","entered"
"February 02, 2017 at 05:43PM","entered"
"February 02, 2017 at 05:50PM","entered"
"February 02, 2017 at 05:55PM","entered"
"February 02, 2017 at 06:18PM","entered"
"February 02, 2017 at 07:05PM","entered"
"February 02, 2017 at 08:01PM","entered"
"February 02, 2017 at 09:01PM","entered"
"February 02, 2017 at 09:15PM","entered"
"February 03, 2017 at 08:51AM","entered"
"February 03, 2017 at 08:54AM","exited"
"February 03, 2017 at 08:56AM","entered"
"February 03, 2017 at 09:10AM","entered"
"February 03, 2017 at 09:58AM","entered"
"February 03, 2017 at 10:17AM","entered"
"February 03, 2017 at 10:54AM","entered"
"February 03, 2017 at 11:04AM","entered"
"February 03, 2017 at 11:17AM","entered"
"February 03, 2017 at 12:06PM","entered"
"February 03, 2017 at 12:13PM","entered"
"February 03, 2017 at 12:18PM","entered"
"February 03, 2017 at 12:28PM","entered"
"February 03, 2017 at 12:47PM","entered"
"February 03, 2017 at 12:58PM","entered"
"February 03, 2017 at 03:13PM","entered"
"February 03, 2017 at 04:15PM","entered"
"February 03, 2017 at 04:33PM","entered"
"February 03, 2017 at 10:22PM","exited"
"February 06, 2017 at 09:54AM","entered"
"February 06, 2017 at 11:56AM","entered"
"February 06, 2017 at 01:13PM","entered"
"February 06, 2017 at 01:39PM","entered"
"February 06, 2017 at 01:59PM","entered"
"February 06, 2017 at 02:44PM","entered"
"February 06, 2017 at 03:21PM","entered"
"February 06, 2017 at 04:06PM","entered"
"February 06, 2017 at 04:22PM","entered"
"February 06, 2017 at 05:08PM","entered"
"February 06, 2017 at 05:21PM","entered"
"February 06, 2017 at 05:36PM","entered"
"February 06, 2017 at 05:59PM","entered"
"February 06, 2017 at 07:01PM","entered"
"February 06, 2017 at 07:57PM","entered"
"February 07, 2017 at 09:33AM","entered"
"February 07, 2017 at 11:19AM","entered"
"February 07, 2017 at 11:45AM","entered"
"February 07, 2017 at 11:58AM","entered"
"February 07, 2017 at 12:12PM","entered"
"February 07, 2017 at 01:51PM","entered"
"February 07, 2017 at 01:56PM","entered"
"February 07, 2017 at 02:20PM","entered"
"February 07, 2017 at 03:12PM","entered"
"February 07, 2017 at 03:35PM","entered"
"February 07, 2017 at 04:22PM","entered"
"February 07, 2017 at 06:09PM","exited"
"February 07, 2017 at 10:38PM","entered"
"February 08, 2017 at 09:34AM","entered"
"February 08, 2017 at 09:40AM","entered"
"February 08, 2017 at 09:46AM","entered"
"February 08, 2017 at 09:49AM","entered"
"February 08, 2017 at 09:53AM","entered"
"February 08, 2017 at 09:59AM","entered"
"February 08, 2017 at 10:04AM","entered"
"February 08, 2017 at 10:26AM","entered"
"February 08, 2017 at 10:44AM","entered"
"February 08, 2017 at 11:01AM","entered"
"February 08, 2017 at 11:29AM","entered"
"February 08, 2017 at 12:21PM","entered"
"February 08, 2017 at 12:32PM","entered"
"February 08, 2017 at 12:35PM","entered"
"February 08, 2017 at 12:48PM","entered"
"February 08, 2017 at 12:54PM","entered"
"February 08, 2017 at 01:04PM","entered"
"February 08, 2017 at 01:20PM","entered"
"February 08, 2017 at 01:43PM","entered"
"February 08, 2017 at 02:19PM","entered"
"February 08, 2017 at 03:00PM","entered"
"February 08, 2017 at 03:28PM","entered"
"February 08, 2017 at 03:34PM","entered"
"February 08, 2017 at 04:34PM","entered"
"February 08, 2017 at 04:49PM","entered"
"February 08, 2017 at 04:59PM","entered"
"February 08, 2017 at 05:05PM","entered"
"February 08, 2017 at 05:13PM","entered"
"February 08, 2017 at 05:44PM","entered"
"February 08, 2017 at 06:25PM","entered"
"February 08, 2017 at 06:56PM","entered"
"February 08, 2017 at 07:26PM","entered"
"February 08, 2017 at 07:51PM","entered"
"February 09, 2017 at 09:46AM","entered"
"February 09, 2017 at 09:17PM","exited"
"February 10, 2017 at 08:37AM","entered"
"February 10, 2017 at 06:34PM","entered"
"February 10, 2017 at 07:47PM","exited"
"February 10, 2017 at 09:49PM","entered"
"February 10, 2017 at 09:50PM","exited"
"February 12, 2017 at 11:55AM","entered"
"February 12, 2017 at 07:18PM","exited"
"February 13, 2017 at 09:39AM","entered"
"February 13, 2017 at 09:45AM","entered"
"February 13, 2017 at 09:56AM","entered"
"February 13, 2017 at 10:00AM","entered"
"February 13, 2017 at 10:13AM","entered"
"February 13, 2017 at 10:21AM","entered"
"February 13, 2017 at 10:50AM","entered"
"February 13, 2017 at 11:47AM","entered"
"February 13, 2017 at 12:12PM","entered"
"February 13, 2017 at 12:52PM","entered"
"February 13, 2017 at 12:59PM","entered"
"February 13, 2017 at 02:10PM","entered"
"February 13, 2017 at 02:40PM","entered"
"February 13, 2017 at 03:06PM","entered"
"February 13, 2017 at 03:14PM","entered"
"February 13, 2017 at 04:08PM","entered"
"February 13, 2017 at 04:30PM","entered"
"February 13, 2017 at 04:42PM","entered"
"February 13, 2017 at 06:41PM","entered"
"February 13, 2017 at 07:12PM","entered"
"February 13, 2017 at 07:42PM","entered"
"February 13, 2017 at 08:11PM","entered"
"February 13, 2017 at 08:29PM","entered"
"February 13, 2017 at 08:46PM","entered"
"February 13, 2017 at 09:13PM","entered"
"February 13, 2017 at 09:30PM","entered"
"February 13, 2017 at 10:15PM","entered"
"February 13, 2017 at 10:46PM","entered"
"February 13, 2017 at 11:17PM","entered"
"February 13, 2017 at 11:52PM","entered"
"February 14, 2017 at 09:28AM","entered"
"February 14, 2017 at 09:45AM","entered"
"February 14, 2017 at 09:51AM","entered"
"February 14, 2017 at 09:57AM","entered"
"February 14, 2017 at 10:03AM","entered"
"February 14, 2017 at 10:22AM","entered"
"February 14, 2017 at 10:25AM","entered"
"February 14, 2017 at 10:34AM","entered"
"February 14, 2017 at 10:46AM","entered"
"February 14, 2017 at 10:52AM","entered"
"February 14, 2017 at 10:55AM","entered"
"February 14, 2017 at 10:58AM","entered"
"February 14, 2017 at 11:07AM","entered"
"February 14, 2017 at 11:12AM","entered"
"February 14, 2017 at 11:49AM","entered"
"February 14, 2017 at 12:26PM","entered"
"February 14, 2017 at 12:36PM","entered"
"February 14, 2017 at 12:41PM","entered"
"February 14, 2017 at 12:46PM","entered"
"February 14, 2017 at 12:57PM","entered"
"February 14, 2017 at 01:01PM","entered"
"February 14, 2017 at 01:09PM","entered"
"February 14, 2017 at 01:29PM","entered"
"February 14, 2017 at 01:44PM","entered"
"February 14, 2017 at 02:10PM","entered"
"February 14, 2017 at 02:30PM","entered"
"February 14, 2017 at 02:41PM","entered"
"February 14, 2017 at 03:04PM","entered"
"February 14, 2017 at 03:16PM","entered"
"February 14, 2017 at 03:21PM","entered"
"February 14, 2017 at 03:25PM","entered"
"February 14, 2017 at 03:38PM","entered"
"February 14, 2017 at 04:34PM","entered"
"February 14, 2017 at 05:25PM","entered"
"February 14, 2017 at 05:51PM","entered"
"February 14, 2017 at 06:53PM","entered"
"February 14, 2017 at 06:54PM","exited"
"September 06, 2017 at 09:52AM","entered"
"September 06, 2017 at 12:16PM","entered"
"September 06, 2017 at 12:09PM","exited"
"September 06, 2017 at 08:32PM","exited"
"September 07, 2017 at 09:23AM","entered"
"September 08, 2017 at 10:24AM","entered"
"September 08, 2017 at 08:30PM","exited"
"September 10, 2017 at 04:20PM","entered"
"September 10, 2017 at 04:35PM","exited"
"September 10, 2017 at 04:36PM","entered"
"September 10, 2017 at 07:32PM","exited"
"September 11, 2017 at 09:16AM","entered"
"September 11, 2017 at 11:30AM","exited"
"September 11, 2017 at 11:30AM","entered"
"September 11, 2017 at 05:47PM","exited"
"September 11, 2017 at 06:33PM","entered"
"September 11, 2017 at 06:35PM","exited"
"September 11, 2017 at 08:53PM","entered"
"September 11, 2017 at 10:54PM","exited"
"September 12, 2017 at 09:48AM","entered"
"September 12, 2017 at 12:41PM","exited"
"September 12, 2017 at 12:42PM","entered"
"September 12, 2017 at 03:25PM","exited"
"September 13, 2017 at 12:14PM","entered"
"September 13, 2017 at 03:19PM","exited"
"September 14, 2017 at 10:59AM","entered"
"September 14, 2017 at 05:54PM","exited"
"September 15, 2017 at 08:52AM","entered"
"September 15, 2017 at 05:59PM","exited"
"September 15, 2017 at 06:06PM","entered"
"September 15, 2017 at 08:34PM","exited"
"September 18, 2017 at 09:43AM","entered"
"September 18, 2017 at 06:18PM","exited"
"September 19, 2017 at 09:50AM","entered"
"September 19, 2017 at 09:35PM","exited"
"September 20, 2017 at 10:03AM","entered"
"September 20, 2017 at 09:12PM","exited"
"September 21, 2017 at 10:34AM","entered"
"September 21, 2017 at 06:22PM","exited"
"September 22, 2017 at 09:00AM","entered"
"September 22, 2017 at 05:44PM","exited"
"September 24, 2017 at 08:01PM","entered"
"September 24, 2017 at 08:05PM","exited"
"September 25, 2017 at 10:00AM","entered"
"September 25, 2017 at 09:28PM","exited"
"September 26, 2017 at 10:04AM","entered"
"September 26, 2017 at 06:13PM","exited"
"September 28, 2017 at 11:54AM","exited"
"September 28, 2017 at 12:04PM","entered"
"September 28, 2017 at 07:29PM","exited"
"September 29, 2017 at 08:51AM","entered"
"September 29, 2017 at 08:54AM","exited"
"September 29, 2017 at 08:56AM","entered"
"September 29, 2017 at 09:07AM","exited"
"October 27, 2017 at 08:48AM","entered"
"October 27, 2017 at 07:28PM","exited"
"October 28, 2017 at 04:18PM","entered"
"October 28, 2017 at 08:30PM","exited"
"October 30, 2017 at 08:33AM","entered"
"October 30, 2017 at 07:49PM","exited"
"October 31, 2017 at 10:17AM","entered"
"October 31, 2017 at 07:01PM","exited"
"November 02, 2017 at 01:47AM","entered"
"November 02, 2017 at 01:56AM","exited"
"November 02, 2017 at 11:54AM","entered"
"November 02, 2017 at 04:59PM","exited"
"July 27, 2018 at 08:57AM","entered"
"July 27, 2018 at 11:57AM","exited"
"July 27, 2018 at 12:25PM","entered"
"July 27, 2018 at 03:39PM","exited"
"July 27, 2018 at 03:52PM","entered"
"July 27, 2018 at 03:55PM","exited"
"July 27, 2018 at 03:57PM","entered"
"July 27, 2018 at 08:07PM","exited"
"July 30, 2018 at 09:28AM","entered"
"July 31, 2018 at 08:43AM","entered"
"July 31, 2018 at 07:27PM","exited"
"July 31, 2018 at 07:45PM","entered"
"July 31, 2018 at 11:19PM","exited"
"August 01, 2018 at 09:15AM","entered"
"August 01, 2018 at 12:02PM","exited"
"August 01, 2018 at 12:10PM","entered"
"August 01, 2018 at 11:06PM","exited"
"August 02, 2018 at 08:45AM","entered"
"August 02, 2018 at 11:13PM","exited"
"August 03, 2018 at 08:57AM","entered"
"August 03, 2018 at 05:50PM","exited"
"August 04, 2018 at 11:32AM","entered"
"August 04, 2018 at 12:11PM","exited"
"August 05, 2018 at 01:28PM","entered"
"August 05, 2018 at 08:51PM","exited"
"August 06, 2018 at 08:46AM","entered"
"August 06, 2018 at 11:42AM","exited"
"August 06, 2018 at 11:47AM","entered"
"August 06, 2018 at 08:57PM","exited"
"August 07, 2018 at 09:24AM","entered"
"August 07, 2018 at 08:22PM","exited"
"August 08, 2018 at 09:29AM","entered"
"August 08, 2018 at 06:15PM","exited"
"August 08, 2018 at 09:16PM","entered"
"August 08, 2018 at 09:59PM","exited"
"August 09, 2018 at 09:36AM","entered"
"August 09, 2018 at 04:19PM","exited"
"August 09, 2018 at 04:50PM","entered"
"August 09, 2018 at 11:48PM","exited"
"August 10, 2018 at 08:59AM","entered"
"August 10, 2018 at 11:27PM","exited"
"September 03, 2018 at 11:06AM","entered"
"September 03, 2018 at 09:57PM","exited"
"September 04, 2018 at 09:31AM","entered"
"September 04, 2018 at 08:20PM","exited"
"September 05, 2018 at 09:28AM","entered"
"September 05, 2018 at 04:21PM","exited"
"September 05, 2018 at 04:33PM","entered"
"September 05, 2018 at 06:35PM","exited"
"September 06, 2018 at 09:09AM","entered"
"September 06, 2018 at 08:50PM","exited"
"September 23, 2018 at 01:33PM","entered"
"September 23, 2018 at 06:00PM","exited"
"September 24, 2018 at 09:18AM","entered"
"September 24, 2018 at 07:07PM","exited"
"September 25, 2018 at 09:54AM","entered"
"September 25, 2018 at 12:07PM","exited"
"September 25, 2018 at 12:55PM","entered"
"September 25, 2018 at 09:09PM","exited"
"September 26, 2018 at 09:39AM","entered"
"September 26, 2018 at 02:03PM","exited"
"September 26, 2018 at 04:27PM","entered"
"September 26, 2018 at 07:38PM","exited"
"September 27, 2018 at 10:02AM","entered"
"September 27, 2018 at 05:35PM","exited"
"September 28, 2018 at 08:58AM","entered"
"September 29, 2018 at 12:24AM","exited"
"October 05, 2018 at 08:58AM","entered"
"October 05, 2018 at 09:18AM","exited"
"October 05, 2018 at 09:27AM","entered"
"October 05, 2018 at 09:35AM","exited"
"October 05, 2018 at 09:47AM","entered"
"October 05, 2018 at 09:50AM","exited"
"October 05, 2018 at 09:51AM","entered"
"October 05, 2018 at 09:52AM","exited"
"October 05, 2018 at 09:52AM","entered"
"October 05, 2018 at 10:06AM","exited"
"October 05, 2018 at 10:10AM","exited"
"October 05, 2018 at 10:09AM","entered"
"October 05, 2018 at 10:13AM","entered"
"October 05, 2018 at 10:14AM","exited"
"October 05, 2018 at 10:20AM","entered"
"October 05, 2018 at 10:21AM","exited"
"October 05, 2018 at 10:23AM","exited"
"October 05, 2018 at 10:23AM","entered"
"October 05, 2018 at 10:33AM","entered"
"October 05, 2018 at 10:33AM","exited"
"October 05, 2018 at 10:43AM","exited"
"October 05, 2018 at 10:34AM","entered"
"October 05, 2018 at 10:44AM","entered"
"October 05, 2018 at 10:47AM","exited"
"October 05, 2018 at 12:34PM","exited"
"October 05, 2018 at 12:33PM","entered"
"October 05, 2018 at 12:35PM","exited"
"October 05, 2018 at 12:35PM","entered"
"October 08, 2018 at 09:42AM","entered"
"October 08, 2018 at 01:10PM","exited"
"October 08, 2018 at 02:42PM","entered"
"October 08, 2018 at 09:05PM","exited"
"October 09, 2018 at 09:37AM","entered"
"October 09, 2018 at 06:12PM","exited"
"October 10, 2018 at 12:53PM","exited"
"October 10, 2018 at 12:56PM","entered"
"October 10, 2018 at 07:41PM","exited"
"October 11, 2018 at 09:27AM","entered"
"October 11, 2018 at 06:32PM","exited"
"October 12, 2018 at 08:57AM","entered"
"October 12, 2018 at 06:47PM","exited"
"October 12, 2018 at 11:26PM","entered"
"October 12, 2018 at 11:40PM","exited"
"October 14, 2018 at 02:31PM","entered"
"October 14, 2018 at 10:44PM","exited"
"October 16, 2018 at 10:14AM","entered"
"October 16, 2018 at 04:52PM","exited"
"October 17, 2018 at 09:53AM","entered"
"October 17, 2018 at 07:41PM","exited"
"October 19, 2018 at 08:42AM","entered"
"October 19, 2018 at 07:24PM","exited"
"October 20, 2018 at 01:47PM","entered"
"October 20, 2018 at 07:31PM","exited"
"October 22, 2018 at 10:06AM","entered"
"October 22, 2018 at 09:05PM","exited"
"October 23, 2018 at 04:57PM","entered"
"October 23, 2018 at 08:11PM","exited"
"October 24, 2018 at 11:08AM","entered"
"October 24, 2018 at 07:19PM","exited"
"October 25, 2018 at 09:32AM","entered"
"October 26, 2018 at 01:52AM","exited"
"October 26, 2018 at 02:14AM","entered"
"October 26, 2018 at 02:23AM","exited"
"October 26, 2018 at 03:17PM","entered"
"October 26, 2018 at 03:27PM","exited"
"October 28, 2018 at 04:19PM","entered"
"October 28, 2018 at 11:08PM","exited"
"October 29, 2018 at 09:18AM","entered"
"October 29, 2018 at 09:29PM","exited"
"October 30, 2018 at 09:37AM","entered"
"October 30, 2018 at 07:15PM","exited"
"October 31, 2018 at 11:07AM","entered"
"October 31, 2018 at 11:50AM","exited"
"November 17, 2018 at 10:15PM","entered"
"November 17, 2018 at 10:31PM","exited"
"November 19, 2018 at 10:16AM","entered"
"November 19, 2018 at 09:39PM","exited"
"November 20, 2018 at 09:35AM","entered"
"November 20, 2018 at 09:18PM","exited"
"November 21, 2018 at 09:33AM","entered"
"November 21, 2018 at 05:04PM","exited"
"November 21, 2018 at 06:17PM","entered"
"November 21, 2018 at 08:10PM","exited"
"November 22, 2018 at 07:41PM","exited"
"November 22, 2018 at 07:41PM","exited"
"November 23, 2018 at 10:31PM","exited"
"November 24, 2018 at 06:59PM","entered"
"November 24, 2018 at 07:07PM","exited"
"November 25, 2018 at 09:05PM","exited"
"November 26, 2018 at 08:02PM","exited"
"November 27, 2018 at 09:15AM","entered"
"November 27, 2018 at 07:44PM","exited"
"November 28, 2018 at 09:42AM","entered"
"November 28, 2018 at 07:50PM","exited"
"November 29, 2018 at 09:18AM","entered"
"November 29, 2018 at 06:45PM","exited"
"November 30, 2018 at 09:00AM","entered"
"November 30, 2018 at 07:57PM","exited"
"December 01, 2018 at 12:13AM","exited"
"December 01, 2018 at 12:11AM","entered"
"December 01, 2018 at 01:44PM","entered"
"December 01, 2018 at 02:54PM","exited"
"December 03, 2018 at 09:47AM","entered"
"December 03, 2018 at 07:40PM","exited"
"December 04, 2018 at 10:10AM","entered"
"December 04, 2018 at 10:53PM","exited"
"December 05, 2018 at 09:53AM","entered"
"December 05, 2018 at 07:37PM","exited"
"December 05, 2018 at 09:30PM","entered"
"December 05, 2018 at 09:35PM","exited"
"December 06, 2018 at 09:49AM","entered"
"December 06, 2018 at 09:29PM","exited"
"December 07, 2018 at 08:57AM","entered"
"December 07, 2018 at 06:54PM","exited"
"December 08, 2018 at 04:37PM","entered"
"December 08, 2018 at 07:41PM","exited"
"December 10, 2018 at 09:36AM","entered"
"December 10, 2018 at 09:39PM","exited"
"December 11, 2018 at 09:30AM","entered"
"December 11, 2018 at 06:29PM","exited"
"December 12, 2018 at 09:43AM","entered"
"December 12, 2018 at 07:34PM","exited"
"December 13, 2018 at 09:28AM","entered"
"December 13, 2018 at 06:44PM","exited"
"December 14, 2018 at 08:51AM","entered"
"December 14, 2018 at 06:02PM","exited"
"December 16, 2018 at 01:25PM","entered"
"December 16, 2018 at 08:35PM","exited"
"December 17, 2018 at 10:10AM","entered"
"December 17, 2018 at 10:26PM","exited"
"December 18, 2018 at 09:18AM","entered"
"December 18, 2018 at 06:56PM","exited"
"December 19, 2018 at 09:39AM","entered"
"December 19, 2018 at 06:58PM","exited"
"January 03, 2019 at 10:12AM","entered"
"January 03, 2019 at 11:28AM","exited"
"January 03, 2019 at 12:19PM","entered"
"January 03, 2019 at 07:32PM","exited"
"January 04, 2019 at 10:15AM","entered"
"January 04, 2019 at 07:20PM","exited"
"January 07, 2019 at 09:06AM","entered"
"January 07, 2019 at 09:49PM","exited"
"January 08, 2019 at 09:35AM","entered"
"January 08, 2019 at 08:01PM","exited"
"January 09, 2019 at 09:16AM","entered"
"January 09, 2019 at 04:58PM","exited"
"January 09, 2019 at 06:14PM","entered"
"January 09, 2019 at 06:58PM","exited"
"January 10, 2019 at 10:29AM","entered"
"January 10, 2019 at 07:26PM","exited"
"January 11, 2019 at 09:08PM","exited"
"January 14, 2019 at 09:37AM","entered"
"January 14, 2019 at 07:39PM","exited"
"January 15, 2019 at 10:44AM","entered"
"January 15, 2019 at 07:22PM","exited"
"January 16, 2019 at 09:30AM","entered"
"January 16, 2019 at 08:16PM","exited"
"January 17, 2019 at 09:52AM","entered"
"January 18, 2019 at 09:01AM","entered"
"January 18, 2019 at 04:06PM","exited"
"January 21, 2019 at 10:05AM","entered"
"January 21, 2019 at 06:56PM","exited"
"January 22, 2019 at 10:03AM","entered"
"January 22, 2019 at 01:00PM","exited"
"February 13, 2019 at 07:39PM","exited"
"February 14, 2019 at 01:13AM","entered"
"February 14, 2019 at 01:17AM","exited"
"February 14, 2019 at 10:15AM","entered"
"February 14, 2019 at 08:27PM","exited"
"February 15, 2019 at 08:58AM","entered"
"February 15, 2019 at 07:29PM","exited"
"February 21, 2019 at 09:06AM","entered"
"February 21, 2019 at 08:32PM","exited"
"February 22, 2019 at 08:57AM","entered"
"February 22, 2019 at 07:58PM","exited"
"February 24, 2019 at 01:52PM","entered"
"February 24, 2019 at 09:44PM","exited"
"February 25, 2019 at 10:00AM","entered"
"February 25, 2019 at 07:39PM","exited"
"February 26, 2019 at 09:30AM","entered"
"February 26, 2019 at 07:11PM","exited"
"February 27, 2019 at 10:46AM","entered"
"February 27, 2019 at 05:28PM","exited"
"February 28, 2019 at 09:47AM","entered"
"February 28, 2019 at 09:50PM","exited"
"March 1, 2019 at 08:59AM","entered"
"March 1, 2019 at 07:19PM","exited"
"March 3, 2019 at 02:19PM","entered"
"March 3, 2019 at 08:33PM","exited"
"March 4, 2019 at 10:02AM","entered"
"March 4, 2019 at 03:48PM","exited"
"March 6, 2019 at 11:01PM","exited"
"March 7, 2019 at 10:18AM","entered"
"March 7, 2019 at 05:36PM","exited"
"March 8, 2019 at 09:28PM","exited"
"March 8, 2019 at 09:32PM","entered"
"March 9, 2019 at 12:36AM","exited"
"March 11, 2019 at 11:25AM","entered"
"March 11, 2019 at 05:12PM","exited"
"March 14, 2019 at 03:57PM","entered"
"March 14, 2019 at 04:23PM","exited"
"March 15, 2019 at 09:02AM","entered"
"March 15, 2019 at 07:36PM","exited"
"March 19, 2019 at 09:11AM","entered"
"March 19, 2019 at 07:08PM","exited"
"March 20, 2019 at 11:58AM","entered"
"March 20, 2019 at 05:57PM","exited"
"March 21, 2019 at 09:25AM","entered"
"March 21, 2019 at 07:26PM","exited"
"March 22, 2019 at 08:51AM","entered"
"March 22, 2019 at 06:02PM","exited"
"March 25, 2019 at 09:37AM","entered"
"March 25, 2019 at 07:10PM","exited"
"March 29, 2019 at 09:24AM","entered"
"March 29, 2019 at 03:19PM","exited"
"March 29, 2019 at 03:38PM","entered"
"March 29, 2019 at 05:21PM","exited"
"April 1, 2019 at 09:36AM","entered"
"April 1, 2019 at 07:25PM","exited"
"April 2, 2019 at 10:11AM","entered"
"April 2, 2019 at 04:19PM","exited"
"April 3, 2019 at 09:28AM","entered"
"April 3, 2019 at 08:22PM","exited"
"April 4, 2019 at 12:23PM","entered"
"April 4, 2019 at 08:42PM","exited"
"April 5, 2019 at 08:50AM","entered"
"April 5, 2019 at 06:09PM","exited"
"April 6, 2019 at 10:19AM","entered"
"April 6, 2019 at 10:34AM","exited"
"April 7, 2019 at 04:13PM","entered"
"April 7, 2019 at 04:16PM","exited"
"April 8, 2019 at 09:30AM","entered"
"April 8, 2019 at 07:15PM","exited"
"April 9, 2019 at 09:21AM","entered"
"April 9, 2019 at 06:11PM","exited"
"April 9, 2019 at 10:51PM","entered"
"April 9, 2019 at 11:41PM","exited"
"April 10, 2019 at 09:47AM","entered"
"April 10, 2019 at 08:14PM","exited"
"April 11, 2019 at 09:33AM","entered"
"April 11, 2019 at 07:26PM","exited"
"April 12, 2019 at 08:56AM","entered"
"April 12, 2019 at 08:23PM","exited"
"April 12, 2019 at 08:27PM","entered"
"April 12, 2019 at 10:46PM","exited"
"April 13, 2019 at 09:50AM","entered"
"April 13, 2019 at 02:35PM","exited"
"April 14, 2019 at 12:54PM","entered"
"April 14, 2019 at 12:57PM","exited"
"April 14, 2019 at 02:29PM","entered"
"April 14, 2019 at 02:39PM","exited"
"April 15, 2019 at 09:34AM","entered"
"April 15, 2019 at 07:07PM","exited"
"April 24, 2019 at 07:20PM","exited"
"April 26, 2019 at 03:20PM","entered"
"April 26, 2019 at 04:27PM","exited"
"April 29, 2019 at 09:51AM","entered"
"April 29, 2019 at 05:48PM","exited"
"April 29, 2019 at 05:56PM","entered"
"April 29, 2019 at 10:51PM","exited"
"April 30, 2019 at 09:24AM","entered"
"April 30, 2019 at 01:16PM","exited"
"April 30, 2019 at 02:08PM","entered"
"April 30, 2019 at 07:34PM","exited"
"May 8, 2019 at 09:31AM","entered"
"May 8, 2019 at 06:20PM","exited"
"May 9, 2019 at 09:51AM","entered"
"May 9, 2019 at 08:04PM","exited"
"May 10, 2019 at 08:54AM","entered"
"May 10, 2019 at 07:17PM","exited"
"May 13, 2019 at 09:15AM","entered"
"May 13, 2019 at 12:35PM","exited"
"May 15, 2019 at 11:28AM","entered"
"May 15, 2019 at 06:45PM","exited"
"May 16, 2019 at 08:46AM","entered"
"May 16, 2019 at 09:32AM","exited"
"May 16, 2019 at 09:34AM","entered"
"May 16, 2019 at 09:54AM","exited"
"May 16, 2019 at 09:57AM","entered"
"May 16, 2019 at 01:35PM","exited"
"May 17, 2019 at 08:47AM","entered"
"May 17, 2019 at 01:59PM","exited"
"May 19, 2019 at 03:06AM","entered"
"May 19, 2019 at 03:09AM","exited"
"May 20, 2019 at 08:42AM","entered"
"May 20, 2019 at 08:57AM","exited"
"May 20, 2019 at 08:58AM","entered"
"May 20, 2019 at 06:32PM","exited"
"May 20, 2019 at 06:33PM","entered"
"May 20, 2019 at 07:14PM","exited"
"May 21, 2019 at 08:51AM","entered"
"May 22, 2019 at 11:10AM","entered"
"May 22, 2019 at 03:52PM","exited"
"May 24, 2019 at 11:53AM","exited"
"May 24, 2019 at 11:58AM","entered"
"May 24, 2019 at 07:09PM","exited"
"May 28, 2019 at 09:51AM","entered"
"May 28, 2019 at 07:17PM","exited"
"May 29, 2019 at 09:40AM","entered"
"May 29, 2019 at 06:40PM","exited"
"June 7, 2019 at 08:55AM","entered"
"June 7, 2019 at 05:19PM","exited"
"June 9, 2019 at 12:25AM","exited"
"June 10, 2019 at 04:13PM","entered"
"June 11, 2019 at 12:40AM","exited"
"June 13, 2019 at 09:15AM","entered"
"June 13, 2019 at 06:05PM","exited"
"June 14, 2019 at 09:00AM","entered"
"June 14, 2019 at 12:30PM","exited"
"June 14, 2019 at 01:41PM","entered"
"June 14, 2019 at 07:41PM","exited"
"June 17, 2019 at 06:44PM","exited"
"June 18, 2019 at 10:06AM","entered"
"June 18, 2019 at 05:38PM","exited"
"June 19, 2019 at 09:16AM","entered"
"June 19, 2019 at 05:29PM","exited"
"June 20, 2019 at 11:15AM","entered"
"June 20, 2019 at 11:34AM","exited"
"June 25, 2019 at 09:20AM","entered"
"June 26, 2019 at 09:24AM","entered"
"June 26, 2019 at 04:31PM","exited"
"June 27, 2019 at 11:20AM","entered"
"June 27, 2019 at 04:13PM","exited"
"June 28, 2019 at 09:13AM","entered"
"June 28, 2019 at 02:13PM","exited"
"June 28, 2019 at 02:20PM","entered"
"June 28, 2019 at 03:34PM","exited"
